,res,ind,com,rest
0,3514,1092,0,0
3600,3514,1092,0,0
7200,3514,1092,0,0
10800,3514,1092,0,0
14400,3514,1092,0,0
18000,3188,1092,314,12
21600,2902,1092,584,28
25200,2419,1092,1050,45
28800,1959,1092,1493,62
32400,1568,1092,1871,75
36000,1416,1092,2019,79
39600,1366,1092,2067,81
43200,1362,1092,2071,81
46800,1350,1092,2082,82
50400,1396,1092,2038,80
54000,1482,1092,1955,77
57600,1644,1092,1802,68
61200,1986,1092,1471,57
64800,2449,1092,1029,36
68400,2875,1092,621,18
72000,3187,1092,317,10
75600,3514,1092,0,0
79200,3514,1092,0,0
82800,3514,1092,0,0
86400,3514,1092,0,0
90000,3514,1092,0,0
93600,3514,1092,0,0
97200,3514,1092,0,0
100800,3514,1092,0,0
104400,3189,1092,312,13
108000,2905,1090,589,22
111600,2425,1090,1045,46
115200,1967,1090,1490,59
118800,1578,1090,1862,76
122400,1427,1090,2006,83
126000,1377,1090,2054,85
129600,1373,1090,2058,85
133200,1361,1090,2070,85
136800,1409,1088,2026,83
140400,1495,1088,1940,83
144000,1657,1088,1783,78
147600,1999,1088,1456,63
151200,2462,1088,1009,47
154800,2888,1088,604,26
158400,3200,1088,311,7
162000,3518,1088,0,0
165600,3514,1092,0,0
169200,3514,1092,0,0
172800,3514,1092,0,0
176400,3514,1092,0,0
180000,3514,1092,0,0
183600,3514,1092,0,0
187200,3514,1092,0,0
190800,3190,1092,318,6
194400,2907,1090,593,16
198000,2425,1090,1048,43
201600,1967,1090,1491,58
205200,1579,1090,1864,73
208800,1428,1090,2008,80
212400,1379,1090,2056,81
216000,1375,1090,2060,81
219600,1363,1090,2072,81
223200,1412,1087,2028,79
226800,1498,1087,1944,77
230400,1660,1087,1790,69
234000,2002,1087,1462,55
237600,2465,1087,1017,37
241200,2891,1087,605,23
244800,3203,1087,303,13
248400,3519,1087,0,0
252000,3516,1090,0,0
255600,3516,1090,0,0
259200,3516,1090,0,0
262800,3516,1090,0,0
266400,3516,1090,0,0
270000,3516,1090,0,0
273600,3516,1090,0,0
277200,3190,1090,316,10
280800,2904,1090,592,20
284400,2423,1090,1053,40
288000,1967,1090,1489,60
291600,1579,1090,1859,78
295200,1428,1090,2007,81
298800,1378,1090,2056,82
302400,1374,1090,2059,83
306000,1362,1090,2071,83
309600,1411,1087,2027,81
313200,1497,1087,1948,74
316800,1659,1087,1793,67
320400,2001,1087,1463,55
324000,2464,1087,1022,33
327600,2890,1087,613,16
331200,3202,1087,309,8
334800,3519,1087,0,0
338400,3516,1090,0,0
342000,3516,1090,0,0
345600,3516,1090,0,0
349200,3516,1090,0,0
352800,3516,1090,0,0
356400,3516,1090,0,0
360000,3516,1090,0,0
363600,3190,1090,313,13
367200,2915,1081,587,23
370800,2434,1081,1049,42
374400,1980,1081,1487,58
378000,1593,1081,1858,74
381600,1443,1081,2004,78
385200,1394,1081,2050,81
388800,1390,1081,2053,82
392400,1378,1081,2065,82
396000,1420,1085,2021,80
399600,1506,1085,1938,77
403200,1668,1085,1780,73
406800,2010,1085,1457,54
410400,2473,1085,1008,40
414000,2899,1085,598,24
417600,3211,1085,299,11
421200,3521,1085,0,0
424800,3520,1086,0,0
428400,3520,1086,0,0
432000,3520,1086,0,0
435600,3520,1086,0,0
439200,3520,1086,0,0
442800,3520,1086,0,0
446400,3520,1086,0,0
450000,3199,1086,311,10
453600,2912,1087,589,18
457200,2431,1087,1048,40
460800,1981,1087,1478,60
464400,1596,1087,1849,74
468000,1447,1087,1995,77
471600,1398,1087,2040,81
475200,1394,1087,2044,81
478800,1382,1087,2056,81
482400,1430,1085,2012,79
486000,1516,1085,1926,79
489600,1678,1085,1771,72
493200,2020,1085,1442,59
496800,2483,1085,1002,36
500400,2909,1085,593,19
504000,3221,1085,295,5
507600,3521,1085,0,0
511200,3517,1089,0,0
514800,3517,1089,0,0
518400,3517,1089,0,0
522000,3517,1089,0,0
525600,3517,1089,0,0
529200,3517,1089,0,0
532800,3517,1089,0,0
536400,3196,1089,311,10
540000,2916,1087,583,20
543600,2441,1087,1040,38
547200,1990,1087,1480,49
550800,1609,1087,1837,73
554400,1460,1087,1983,76
558000,1411,1087,2027,81
561600,1407,1087,2031,81
565200,1395,1087,2042,82
568800,1449,1079,2000,78
572400,1535,1079,1916,76
576000,1697,1079,1763,67
579600,2039,1079,1433,55
583200,2502,1079,981,44
586800,2928,1079,577,22
590400,3240,1079,275,12
594000,3527,1079,0,0
597600,3520,1086,0,0
601200,3520,1086,0,0
604800,3520,1086,0,0
608400,3520,1086,0,0
612000,3520,1086,0,0
615600,3520,1086,0,0
619200,3520,1086,0,0
622800,3198,1086,310,12
626400,2921,1083,585,17
630000,2450,1083,1040,33
633600,2003,1083,1468,52
637200,1621,1083,1832,70
640800,1477,1083,1968,78
644400,1428,1083,2015,80
648000,1424,1083,2019,80
651600,1412,1083,2030,81
655200,1464,1077,1986,79
658800,1550,1077,1903,76
662400,1712,1077,1748,69
666000,2054,1077,1419,56
669600,2517,1077,973,39
673200,2943,1077,565,21
676800,3255,1077,264,10
680400,3529,1077,0,0
684000,3518,1088,0,0
687600,3518,1088,0,0
691200,3518,1088,0,0
694800,3518,1088,0,0
698400,3518,1088,0,0
702000,3518,1088,0,0
705600,3518,1088,0,0
709200,3195,1088,313,10
712800,2928,1075,584,19
716400,2457,1075,1033,41
720000,2004,1075,1473,54
723600,1616,1075,1837,78
727200,1469,1075,1978,84
730800,1423,1075,2024,84
734400,1419,1075,2028,84
738000,1409,1075,2038,84
741600,1461,1069,1992,84
745200,1547,1069,1910,80
748800,1709,1069,1753,75
752400,2051,1069,1426,60
756000,2514,1069,982,41
759600,2940,1069,564,33
763200,3252,1069,272,13
766800,3537,1069,0,0
770400,3520,1086,0,0
774000,3520,1086,0,0
777600,3520,1086,0,0
781200,3520,1086,0,0
784800,3520,1086,0,0
788400,3520,1086,0,0
792000,3520,1086,0,0
795600,3204,1086,307,9
799200,2946,1067,574,19
802800,2479,1067,1025,35
806400,2036,1067,1455,48
810000,1663,1067,1812,64
813600,1521,1067,1948,70
817200,1475,1067,1991,73
820800,1472,1067,1994,73
824400,1461,1067,2005,73
828000,1517,1057,1959,73
831600,1603,1057,1875,71
835200,1765,1057,1718,66
838800,2107,1057,1387,55
842400,2570,1057,938,41
846000,2996,1057,532,21
849600,3308,1057,237,4
853200,3549,1057,0,0
856800,3526,1080,0,0
860400,3526,1080,0,0
864000,3526,1080,0,0
867600,3526,1080,0,0
871200,3526,1080,0,0
874800,3526,1080,0,0
878400,3526,1080,0,0
882000,3209,1080,305,12
885600,2948,1068,566,24
889200,2486,1068,1004,48
892800,2047,1068,1430,61
896400,1678,1068,1785,75
900000,1534,1068,1924,80
903600,1487,1068,1970,81
907200,1483,1068,1972,83
910800,1472,1068,1983,83
914400,1541,1045,1938,82
918000,1627,1045,1855,79
921600,1789,1045,1698,74
925200,2131,1045,1371,59
928800,2594,1045,927,40
932400,3020,1045,520,21
936000,3332,1045,219,10
939600,3561,1045,0,0
943200,3541,1065,0,0
946800,3541,1065,0,0
950400,3541,1065,0,0
954000,3541,1065,0,0
957600,3541,1065,0,0
961200,3541,1065,0,0
964800,3541,1065,0,0
968400,3230,1065,299,12
972000,2969,1049,562,26
975600,2502,1049,1014,41
979200,2074,1049,1427,56
982800,1706,1049,1779,72
986400,1569,1049,1911,77
990000,1526,1049,1953,78
993600,1522,1049,1957,78
997200,1511,1049,1968,78
1000800,1563,1043,1924,76
1004400,1649,1043,1839,75
1008000,1811,1043,1686,66
1011600,2153,1043,1358,52
1015200,2616,1043,913,34
1018800,3042,1043,499,22
1022400,3354,1043,200,9
1026000,3563,1043,0,0
1029600,3542,1064,0,0
1033200,3542,1064,0,0
1036800,3542,1064,0,0
1040400,3542,1064,0,0
1044000,3542,1064,0,0
1047600,3542,1064,0,0
1051200,3542,1064,0,0
1054800,3228,1064,303,11
1058400,2968,1053,564,21
1062000,2511,1053,1006,36
1065600,2075,1053,1426,52
1069200,1708,1053,1778,67
1072800,1567,1053,1913,73
1076400,1525,1053,1955,73
1080000,1521,1053,1959,73
1083600,1511,1053,1969,73
1087200,1602,1008,1925,71
1090800,1688,1008,1840,70
1094400,1850,1008,1687,61
1098000,2192,1008,1362,44
1101600,2655,1008,914,29
1105200,3081,1008,500,17
1108800,3393,1008,199,6
1112400,3598,1008,0,0
1116000,3550,1056,0,0
1119600,3550,1056,0,0
1123200,3550,1056,0,0
1126800,3550,1056,0,0
1130400,3550,1056,0,0
1134000,3550,1056,0,0
1137600,3550,1056,0,0
1141200,3239,1056,291,20
1144800,2995,1030,554,27
1148400,2548,1030,985,43
1152000,2128,1030,1392,56
1155600,1783,1030,1721,72
1159200,1647,1030,1853,76
1162800,1603,1030,1897,76
1166400,1600,1030,1899,77
1170000,1589,1030,1910,77
1173600,1664,1001,1866,75
1177200,1750,1001,1783,72
1180800,1912,1001,1629,64
1184400,2254,1001,1303,48
1188000,2717,1001,857,31
1191600,3143,1001,443,19
1195200,3455,1001,144,6
1198800,3605,1001,0,0
1202400,3562,1044,0,0
1206000,3562,1044,0,0
1209600,3562,1044,0,0
1213200,3562,1044,0,0
1216800,3562,1044,0,0
1220400,3562,1044,0,0
1224000,3562,1044,0,0
1227600,3267,1044,286,9
1231200,3028,1023,535,20
1234800,2581,1023,966,36
1238400,2169,1023,1361,53
1242000,1833,1023,1687,63
1245600,1703,1023,1812,68
1249200,1660,1023,1852,71
1252800,1657,1023,1855,71
1256400,1649,1023,1862,72
1260000,1720,998,1818,70
1263600,1806,998,1737,65
1267200,1968,998,1577,63
1270800,2310,998,1252,46
1274400,2773,998,807,28
1278000,3199,998,396,13
1281600,3511,998,93,4
1285200,3608,998,0,0
1288800,3560,1046,0,0
1292400,3560,1046,0,0
1296000,3560,1046,0,0
1299600,3560,1046,0,0
1303200,3560,1046,0,0
1306800,3560,1046,0,0
1310400,3560,1046,0,0
1314000,3261,1046,287,12
1317600,3021,1024,536,25
1321200,2588,1024,951,43
1324800,2185,1024,1341,56
1328400,1851,1024,1661,70
1332000,1722,1024,1787,73
1335600,1680,1024,1828,74
1339200,1676,1024,1832,74
1342800,1665,1024,1843,74
1346400,1757,978,1800,71
1350000,1843,978,1714,71
1353600,2005,978,1561,62
1357200,2347,978,1236,45
1360800,2810,978,792,26
1364400,3236,978,382,10
1368000,3548,978,77,3
1371600,3628,978,0,0
1375200,3579,1027,0,0
1378800,3579,1027,0,0
1382400,3579,1027,0,0
1386000,3579,1027,0,0
1389600,3579,1027,0,0
1393200,3579,1027,0,0
1396800,3579,1027,0,0
1400400,3276,1027,293,10
1404000,3037,1006,549,14
1407600,2608,1006,963,29
1411200,2196,1006,1358,46
1414800,1868,1006,1666,66
1418400,1748,1006,1776,76
1422000,1705,1006,1818,77
1425600,1702,1006,1821,77
1429200,1690,1006,1833,77
1432800,1777,965,1790,74
1436400,1863,965,1708,70
1440000,2025,965,1554,62
1443600,2367,965,1227,47
1447200,2830,965,784,27
1450800,3256,965,373,12
1454400,3568,965,70,3
1458000,3641,965,0,0
1461600,3585,1021,0,0
1465200,3585,1021,0,0
1468800,3585,1021,0,0
1472400,3585,1021,0,0
1476000,3585,1021,0,0
1479600,3585,1021,0,0
1483200,3585,1021,0,0
1486800,3288,1021,282,15
1490400,3074,979,530,23
1494000,2651,979,937,39
1497600,2267,979,1307,53
1501200,1945,979,1615,67
1504800,1831,979,1726,70
1508400,1793,979,1762,72
1512000,1790,979,1765,72
1515600,1782,979,1773,72
1519200,1883,924,1727,72
1522800,1969,924,1643,70
1526400,2131,924,1485,66
1530000,2473,924,1155,54
1533600,2936,924,711,35
1537200,3362,924,305,15
1540800,3674,924,8,0
1544400,3682,924,0,0
1548000,3619,987,0,0
1551600,3619,987,0,0
1555200,3619,987,0,0
1558800,3619,987,0,0
1562400,3619,987,0,0
1566000,3619,987,0,0
1569600,3619,987,0,0
1573200,3338,987,272,9
1576800,3115,969,506,16
1580400,2695,969,907,35
1584000,2313,969,1277,47
1587600,2010,969,1570,57
1591200,1887,969,1686,64
1594800,1848,969,1723,66
1598400,1844,969,1727,66
1602000,1834,969,1736,67
1605600,1927,922,1693,64
1609200,2013,922,1609,62
1612800,2175,922,1450,59
1616400,2517,922,1120,47
1620000,2980,922,675,29
1623600,3406,922,269,9
1627200,3684,922,0,0
1630800,3684,922,0,0
1634400,3601,1005,0,0
1638000,3601,1005,0,0
1641600,3601,1005,0,0
1645200,3601,1005,0,0
1648800,3601,1005,0,0
1652400,3601,1005,0,0
1656000,3601,1005,0,0
1659600,3321,1005,266,14
1663200,3136,939,509,22
1666800,2730,939,899,38
1670400,2343,939,1266,58
1674000,2030,939,1572,65
1677600,1921,939,1678,68
1681200,1883,939,1716,68
1684800,1880,939,1719,68
1688400,1870,939,1729,68
1692000,1969,886,1685,66
1695600,2055,886,1604,61
1699200,2217,886,1448,55
1702800,2559,886,1120,41
1706400,3022,886,673,25
1710000,3448,886,261,11
1713600,3720,886,0,0
1717200,3720,886,0,0
1720800,3634,972,0,0
1724400,3634,972,0,0
1728000,3634,972,0,0
1731600,3634,972,0,0
1735200,3634,972,0,0
1738800,3634,972,0,0
1742400,3634,972,0,0
1746000,3367,972,250,17
1749600,3186,916,477,27
1753200,2785,916,866,39
1756800,2421,916,1216,53
1760400,2119,916,1510,61
1764000,1996,916,1629,65
1767600,1963,916,1659,68
1771200,1960,916,1662,68
1774800,1952,916,1670,68
1778400,2068,846,1626,66
1782000,2154,846,1544,62
1785600,2316,846,1389,55
1789200,2658,846,1063,39
1792800,3121,846,615,24
1796400,3547,846,204,9
1800000,3760,846,0,0
1803600,3760,846,0,0
1807200,3657,949,0,0
1810800,3657,949,0,0
1814400,3657,949,0,0
1818000,3657,949,0,0
1821600,3657,949,0,0
1825200,3657,949,0,0
1828800,3657,949,0,0
1832400,3390,949,255,12
1836000,3210,892,485,19
1839600,2842,892,835,37
1843200,2507,892,1161,46
1846800,2240,892,1417,57
1850400,2133,892,1521,60
1854000,2098,892,1555,61
1857600,2097,892,1556,61
1861200,2085,892,1568,61
1864800,2213,810,1523,60
1868400,2299,810,1442,55
1872000,2461,810,1282,53
1875600,2803,810,959,34
1879200,3266,810,515,15
1882800,3692,810,97,7
1886400,3796,810,0,0
1890000,3796,810,0,0
1893600,3700,906,0,0
1897200,3700,906,0,0
1900800,3700,906,0,0
1904400,3700,906,0,0
1908000,3700,906,0,0
1911600,3700,906,0,0
1915200,3700,906,0,0
1918800,3436,906,251,13
1922400,3235,876,474,21
1926000,2844,876,842,44
1929600,2530,876,1143,57
1933200,2260,876,1405,65
1936800,2168,876,1493,69
1940400,2139,876,1522,69
1944000,2137,876,1524,69
1947600,2126,876,1535,69
1951200,2271,777,1492,66
1954800,2357,777,1409,63
1958400,2519,777,1257,53
1962000,2861,777,933,35
1965600,3324,777,490,15
1969200,3750,777,79,0
1972800,3829,777,0,0
1976400,3829,777,0,0
1980000,3713,893,0,0
1983600,3713,893,0,0
1987200,3713,893,0,0
1990800,3713,893,0,0
1994400,3713,893,0,0
1998000,3713,893,0,0
2001600,3713,893,0,0
2005200,3455,893,251,7
2008800,3295,834,463,14
2012400,2928,834,814,30
2016000,2596,834,1131,45
2019600,2345,834,1369,58
2023200,2249,834,1461,62
2026800,2217,834,1490,65
2030400,2214,834,1493,65
2034000,2206,834,1500,66
2037600,2321,765,1456,64
2041200,2407,765,1373,61
2044800,2569,765,1216,56
2048400,2911,765,888,42
2052000,3374,765,439,28
2055600,3800,765,38,3
2059200,3841,765,0,0
2062800,3841,765,0,0
2066400,3736,870,0,0
2070000,3736,870,0,0
2073600,3736,870,0,0
2077200,3736,870,0,0
2080800,3736,870,0,0
2084400,3736,870,0,0
2088000,3736,870,0,0
2091600,3493,870,235,8
2095200,3294,844,452,16
2098800,2945,844,783,34
2102400,2616,844,1104,42
2106000,2363,844,1351,48
2109600,2276,844,1435,51
2113200,2244,844,1466,52
2116800,2243,844,1467,52
2120400,2237,844,1473,52
2124000,2369,758,1428,51
2127600,2455,758,1345,48
2131200,2617,758,1188,43
2134800,2959,758,856,33
2138400,3422,758,412,14
2142000,3848,758,0,0
2145600,3848,758,0,0
2149200,3848,758,0,0
2152800,3766,840,0,0
2156400,3766,840,0,0
2160000,3766,840,0,0
2163600,3766,840,0,0
2167200,3766,840,0,0
2170800,3766,840,0,0
2174400,3766,840,0,0
2178000,3531,840,226,9
2181600,3358,807,428,13
2185200,3022,807,757,20
2188800,2710,807,1054,35
2192400,2471,807,1282,46
2196000,2383,807,1368,48
2199600,2352,807,1399,48
2203200,2350,807,1401,48
2206800,2346,807,1405,48
2210400,2471,728,1359,48
2214000,2557,728,1280,41
2217600,2719,728,1124,35
2221200,3061,728,790,27
2224800,3524,728,349,5
2228400,3878,728,0,0
2232000,3878,728,0,0
2235600,3878,728,0,0
2239200,3772,834,0,0
2242800,3772,834,0,0
2246400,3772,834,0,0
2250000,3772,834,0,0
2253600,3772,834,0,0
2257200,3772,834,0,0
2260800,3772,834,0,0
2264400,3529,834,232,11
2268000,3389,768,432,17
2271600,3064,768,742,32
2275200,2758,768,1038,42
2278800,2519,768,1271,48
2282400,2421,768,1365,52
2286000,2395,768,1389,54
2289600,2391,768,1393,54
2293200,2383,768,1401,54
2296800,2499,698,1357,52
2300400,2585,698,1274,49
2304000,2747,698,1119,42
2307600,3089,698,788,31
2311200,3552,698,342,14
2314800,3908,698,0,0
2318400,3908,698,0,0
2322000,3908,698,0,0
2325600,3812,794,0,0
2329200,3812,794,0,0
2332800,3812,794,0,0
2336400,3812,794,0,0
2340000,3812,794,0,0
2343600,3812,794,0,0
2347200,3812,794,0,0
2350800,3595,794,207,10
2354400,3440,748,399,19
2358000,3117,748,709,32
2361600,2829,748,986,43
2365200,2606,748,1199,53
2368800,2506,748,1294,58
2372400,2473,748,1327,58
2376000,2471,748,1329,58
2379600,2464,748,1335,59
2383200,2569,689,1292,56
2386800,2655,689,1210,52
2390400,2817,689,1054,46
2394000,3159,689,728,30
2397600,3622,689,281,14
2401200,3917,689,0,0
2404800,3917,689,0,0
2408400,3917,689,0,0
2412000,3813,793,0,0
2415600,3813,793,0,0
2419200,3813,793,0,0
2422800,3813,793,0,0
2426400,3813,793,0,0
2430000,3813,793,0,0
2433600,3813,793,0,0
2437200,3582,793,222,9
2440800,3431,759,402,14
2444400,3098,759,722,27
2448000,2806,759,998,43
2451600,2572,759,1225,50
2455200,2493,759,1304,50
2458800,2463,759,1334,50
2462400,2461,759,1336,50
2466000,2452,759,1345,50
2469600,2589,668,1300,49
2473200,2675,668,1217,46
2476800,2837,668,1061,40
2480400,3179,668,737,22
2484000,3642,668,287,9
2487600,3938,668,0,0
2491200,3938,668,0,0
2494800,3938,668,0,0
2498400,3808,798,0,0
2502000,3808,798,0,0
2505600,3808,798,0,0
2509200,3808,798,0,0
2512800,3808,798,0,0
2516400,3808,798,0,0
2520000,3808,798,0,0
2523600,3582,798,220,6
2527200,3466,723,408,9
2530800,3164,723,702,17
2534400,2864,723,993,26
2538000,2633,723,1213,37
2541600,2553,723,1287,43
2545200,2526,723,1314,43
2548800,2523,723,1317,43
2552400,2517,723,1321,45
2556000,2651,635,1279,41
2559600,2737,635,1196,38
2563200,2899,635,1041,31
2566800,3241,635,708,22
2570400,3704,635,256,11
2574000,3971,635,0,0
2577600,3971,635,0,0
2581200,3971,635,0,0
2584800,3856,750,0,0
2588400,3856,750,0,0
2592000,3856,750,0,0
2595600,3856,750,0,0
2599200,3856,750,0,0
2602800,3856,750,0,0
2606400,3856,750,0,0
2610000,3639,750,207,10
2613600,3492,705,392,17
2617200,3187,705,686,28
2620800,2910,705,951,40
2624400,2695,705,1160,46
2628000,2610,705,1240,51
2631600,2593,705,1256,52
2635200,2591,705,1258,52
2638800,2584,705,1265,52
2642400,2725,610,1219,52
2646000,2811,610,1138,47
2649600,2973,610,979,44
2653200,3315,610,648,33
2656800,3778,610,207,11
2660400,3996,610,0,0
2664000,3996,610,0,0
2667600,3996,610,0,0
2671200,3874,732,0,0
2674800,3874,732,0,0
2678400,3874,732,0,0
2682000,3874,732,0,0
2685600,3874,732,0,0
2689200,3874,732,0,0
2692800,3874,732,0,0
2696400,3674,732,186,14
2700000,3551,678,357,20
2703600,3281,678,619,28
2707200,3037,678,857,34
2710800,2824,678,1064,40
2714400,2749,678,1135,44
2718000,2727,678,1155,46
2721600,2725,678,1157,46
2725200,2718,678,1163,47
2728800,2845,597,1121,43
2732400,2931,597,1037,41
2736000,3093,597,880,36
2739600,3435,597,547,27
2743200,3898,597,104,7
2746800,4009,597,0,0
2750400,4009,597,0,0
2754000,4009,597,0,0
2757600,3890,716,0,0
2761200,3890,716,0,0
2764800,3890,716,0,0
2768400,3890,716,0,0
2772000,3890,716,0,0
2775600,3890,716,0,0
2779200,3890,716,0,0
2782800,3687,716,191,12
2786400,3596,632,364,14
2790000,3345,632,609,20
2793600,3088,632,856,30
2797200,2886,632,1048,40
2800800,2821,632,1108,45
2804400,2795,632,1134,45
2808000,2793,632,1136,45
2811600,2788,632,1141,45
2815200,2905,561,1096,44
2818800,2991,561,1013,41
2822400,3153,561,855,37
2826000,3495,561,526,24
2829600,3958,561,84,3
2833200,4045,561,0,0
2836800,4045,561,0,0
2840400,4045,561,0,0
2844000,3910,696,0,0
2847600,3910,696,0,0
2851200,3910,696,0,0
2854800,3910,696,0,0
2858400,3910,696,0,0
2862000,3910,696,0,0
2865600,3910,696,0,0
2869200,3708,696,191,11
2872800,3607,638,346,15
2876400,3327,638,618,23
2880000,3068,638,867,33
2883600,2868,638,1060,40
2887200,2797,638,1128,43
2890800,2777,638,1146,45
2894400,2774,638,1149,45
2898000,2766,638,1157,45
2901600,2904,546,1114,42
2905200,2990,546,1034,36
2908800,3152,546,879,29
2912400,3494,546,549,17
2916000,3957,546,101,2
2919600,4060,546,0,0
2923200,4060,546,0,0
2926800,4060,546,0,0
2930400,3935,671,0,0
2934000,3935,671,0,0
2937600,3935,671,0,0
2941200,3935,671,0,0
2944800,3935,671,0,0
2948400,3935,671,0,0
2952000,3935,671,0,0
2955600,3734,671,196,5
2959200,3572,673,347,14
2962800,3328,673,582,23
2966400,3095,673,805,33
2970000,2911,673,981,41
2973600,2842,673,1045,46
2977200,2825,673,1062,46
2980800,2824,673,1063,46
2984400,2820,673,1067,46
2988000,2989,550,1023,44
2991600,3075,550,939,42
2995200,3237,550,784,35
2998800,3579,550,458,19
3002400,4042,550,14,0
3006000,4056,550,0,0
3009600,4056,550,0,0
3013200,4056,550,0,0
3016800,3943,663,0,0
3020400,3943,663,0,0
3024000,3943,663,0,0
3027600,3943,663,0,0
3031200,3943,663,0,0
3034800,3943,663,0,0
3038400,3943,663,0,0
3042000,3753,663,180,10
3045600,3649,593,349,15
3049200,3389,593,602,22
3052800,3155,593,828,30
3056400,2986,593,988,39
3060000,2916,593,1057,40
3063600,2891,593,1081,41
3067200,2891,593,1081,41
3070800,2887,593,1084,42
3074400,3006,520,1040,40
3078000,3092,520,954,40
3081600,3254,520,800,32
3085200,3596,520,471,19
3088800,4059,520,27,0
3092400,4086,520,0,0
3096000,4086,520,0,0
3099600,4086,520,0,0
3103200,3983,623,0,0
3106800,3983,623,0,0
3110400,3983,623,0,0
3114000,3983,623,0,0
3117600,3983,623,0,0
3121200,3983,623,0,0
3124800,3983,623,0,0
3128400,3804,623,175,4
3132000,3703,566,323,14
3135600,3476,566,542,22
3139200,3250,566,763,27
3142800,3064,566,946,30
3146400,3002,566,1006,32
3150000,2974,566,1033,33
3153600,2973,566,1034,33
3157200,2968,566,1039,33
3160800,3073,507,995,31
3164400,3159,507,913,27
3168000,3321,507,757,21
3171600,3663,507,426,10
3175200,4099,507,0,0
3178800,4099,507,0,0
3182400,4099,507,0,0
3186000,4099,507,0,0
3189600,4009,597,0,0
3193200,4009,597,0,0
3196800,4008,597,0,0
3200400,4008,597,0,0
3204000,4008,597,0,0
3207600,4008,597,0,0
3211200,4008,597,0,0
3214800,3823,597,174,11
3218400,3689,587,313,16
3222000,3440,587,557,21
3225600,3230,587,763,25
3229200,3054,587,928,36
3232800,2991,587,989,38
3236400,2962,587,1018,38
3240000,2961,587,1019,38
3243600,2957,587,1023,38
3247200,3092,498,980,35
3250800,3178,498,896,33
3254400,3340,498,739,28
3258000,3682,498,414,11
3261600,4107,498,0,0
3265200,4107,498,0,0
3268800,4107,498,0,0
3272400,4107,498,0,0
3276000,4014,591,0,0
3279600,4014,591,0,0
3283200,4014,591,0,0
3286800,4014,591,0,0
3290400,4014,591,0,0
3294000,4014,591,0,0
3297600,4014,591,0,0
3301200,3832,591,175,7
3304800,3745,535,309,16
3308400,3529,535,520,21
3312000,3324,535,714,32
3315600,3144,535,885,41
3319200,3076,535,953,41
3322800,3055,535,973,42
3326400,3053,535,975,42
3330000,3044,535,984,42
3333600,3183,442,938,42
3337200,3269,442,856,38
3340800,3431,442,702,30
3344400,3773,442,374,16
3348000,4163,442,0,0
3351600,4163,442,0,0
3355200,4163,442,0,0
3358800,4163,442,0,0
3362400,4026,579,0,0
3366000,4026,579,0,0
3369600,4026,579,0,0
3373200,4026,579,0,0
3376800,4026,579,0,0
3380400,4026,579,0,0
3384000,4026,579,0,0
3387600,3856,579,163,7
3391200,3756,560,281,8
3394800,3498,560,530,17
3398400,3289,560,729,27
3402000,3135,560,877,33
3405600,3086,560,923,36
3409200,3069,560,939,37
3412800,3069,560,939,37
3416400,3064,560,944,37
3420000,3192,478,902,33
3423600,3278,478,817,32
3427200,3440,478,663,24
3430800,3782,478,334,11
3434400,4127,478,0,0
3438000,4127,478,0,0
3441600,4127,478,0,0
3445200,4127,478,0,0
3448800,4029,576,0,0
3452400,4029,576,0,0
3456000,4029,576,0,0
3459600,4029,576,0,0
3463200,4029,576,0,0
3466800,4029,576,0,0
3470400,4029,576,0,0
3474000,3865,576,158,6
3477600,3803,501,292,9
3481200,3597,501,490,17
3484800,3401,501,680,23
3488400,3237,501,834,33
3492000,3179,501,890,35
3495600,3163,501,905,36
3499200,3161,501,907,36
3502800,3154,501,914,36
3506400,3268,433,869,35
3510000,3354,433,785,33
3513600,3516,433,627,29
3517200,3858,433,305,9
3520800,4172,433,0,0
3524400,4172,433,0,0
3528000,4172,433,0,0
3531600,4172,433,0,0
3535200,4074,531,0,0
3538800,4074,531,0,0
3542400,4074,531,0,0
3546000,4074,531,0,0
3549600,4074,531,0,0
3553200,4074,531,0,0
3556800,4074,531,0,0
3560400,3928,531,139,7
3564000,3848,490,253,14
3567600,3627,490,463,25
3571200,3437,490,643,35
3574800,3279,490,794,42
3578400,3228,490,843,44
3582000,3209,490,862,44
3585600,3206,490,865,44
3589200,3201,490,870,44
3592800,3310,427,826,42
3596400,3396,427,745,37
3600000,3558,427,588,32
3603600,3900,427,266,12
3607200,4178,427,0,0
3610800,4178,427,0,0
3614400,4178,427,0,0
3618000,4178,427,0,0
3621600,4084,521,0,0
3625200,4084,521,0,0
3628800,4084,521,0,0
3632400,4084,521,0,0
3636000,4084,521,0,0
3639600,4084,521,0,0
3643200,4084,521,0,0
3646800,3943,521,138,3
3650400,3851,477,265,12
3654000,3624,477,485,19
3657600,3457,477,649,22
3661200,3306,477,797,25
3664800,3256,477,845,27
3668400,3242,477,859,27
3672000,3240,477,861,27
3675600,3235,477,866,27
3679200,3337,421,820,27
3682800,3423,421,738,23
3686400,3585,421,580,19
3690000,3927,421,251,6
3693600,4184,421,0,0
3697200,4184,421,0,0
3700800,4184,421,0,0
3704400,4184,421,0,0
3708000,4117,488,0,0
3711600,4117,488,0,0
3715200,4117,488,0,0
3718800,4117,488,0,0
3722400,4117,488,0,0
3726000,4117,488,0,0
3729600,4117,488,0,0
3733200,3956,488,156,5
3736800,3837,470,287,11
3740400,3611,470,500,24
3744000,3431,470,672,32
3747600,3305,470,794,36
3751200,3250,470,848,37
3754800,3236,470,862,37
3758400,3236,470,862,37
3762000,3231,470,865,39
3765600,3318,429,820,38
3769200,3404,429,735,37
3772800,3566,429,580,30
3776400,3908,429,252,16
3780000,4176,429,0,0
3783600,4176,429,0,0
3787200,4176,429,0,0
3790800,4176,429,0,0
3794400,4096,509,0,0
3798000,4096,509,0,0
3801600,4096,509,0,0
3805200,4096,509,0,0
3808800,4096,509,0,0
3812400,4096,509,0,0
3816000,4096,509,0,0
3819600,3936,509,156,4
3823200,3872,451,276,6
3826800,3672,451,465,17
3830400,3508,451,627,19
3834000,3359,451,768,27
3837600,3305,451,822,27
3841200,3285,451,841,28
3844800,3283,451,843,28
3848400,3279,451,847,28
3852000,3401,375,801,28
3855600,3487,375,716,27
3859200,3649,375,561,20
3862800,3991,375,232,7
3866400,4230,375,0,0
3870000,4230,375,0,0
3873600,4230,375,0,0
3877200,4230,375,0,0
3880800,4086,519,0,0
3884400,4086,519,0,0
3888000,4086,519,0,0
3891600,4086,519,0,0
3895200,4086,519,0,0
3898800,4086,519,0,0
3902400,4086,519,0,0
3906000,3926,519,151,9
3909600,3871,455,265,14
3913200,3656,455,472,22
3916800,3488,455,634,28
3920400,3359,455,757,34
3924000,3309,455,804,37
3927600,3294,455,818,38
3931200,3292,455,820,38
3934800,3286,455,826,38
3938400,3399,388,782,36
3942000,3485,388,700,32
3945600,3647,388,547,23
3949200,3989,388,223,5
3952800,4217,388,0,0
3956400,4217,388,0,0
3960000,4217,388,0,0
3963600,4217,388,0,0
3967200,4135,470,0,0
3970800,4135,470,0,0
3974400,4135,470,0,0
3978000,4135,470,0,0
3981600,4135,470,0,0
3985200,4135,470,0,0
3988800,4135,470,0,0
3992400,3990,470,138,7
3996000,3908,439,244,14
3999600,3710,439,431,25
4003200,3561,439,575,30
4006800,3427,439,704,35
4010400,3387,439,744,35
4014000,3370,439,761,35
4017600,3369,439,762,35
4021200,3364,439,767,35
4024800,3482,367,724,32
4028400,3568,367,640,30
4032000,3730,367,491,17
4035600,4072,367,161,5
4039200,4238,367,0,0
4042800,4238,367,0,0
4046400,4238,367,0,0
4050000,4238,367,0,0
4053600,4141,464,0,0
4057200,4141,464,0,0
4060800,4141,464,0,0
4064400,4141,464,0,0
4068000,4141,464,0,0
4071600,4141,464,0,0
4075200,4141,464,0,0
4078800,3991,464,145,5
4082400,3908,425,264,8
4086000,3717,425,447,16
4089600,3559,425,597,24
4093200,3419,425,729,32
4096800,3367,425,780,33
4100400,3350,425,797,33
4104000,3348,425,799,33
4107600,3344,425,803,33
4111200,3459,356,760,30
4114800,3545,356,675,29
4118400,3707,356,524,18
4122000,4049,356,195,5
4125600,4249,356,0,0
4129200,4249,356,0,0
4132800,4249,356,0,0
4136400,4249,356,0,0
4140000,4145,460,0,0
4143600,4145,460,0,0
4147200,4145,460,0,0
4150800,4145,460,0,0
4154400,4145,460,0,0
4158000,4145,460,0,0
4161600,4145,460,0,0
4165200,4009,460,127,9
4168800,3933,425,232,15
4172400,3749,425,410,21
4176000,3597,425,556,27
4179600,3491,425,657,32
4183200,3440,425,706,34
4186800,3425,425,721,34
4190400,3425,425,721,34
4194000,3419,425,727,34
4197600,3547,343,683,32
4201200,3633,343,599,30
4204800,3795,343,445,22
4208400,4137,343,120,5
4212000,4262,343,0,0
4215600,4262,343,0,0
4219200,4262,343,0,0
4222800,4262,343,0,0
4226400,4151,454,0,0
4230000,4151,454,0,0
4233600,4151,454,0,0
4237200,4151,454,0,0
4240800,4151,454,0,0
4244400,4151,454,0,0
4248000,4151,454,0,0
4251600,4010,454,140,1
4255200,3943,411,244,7
4258800,3773,411,408,13
4262400,3621,411,553,20
4266000,3498,411,673,23
4269600,3456,411,715,23
4273200,3441,411,729,24
4276800,3441,411,729,24
4280400,3436,411,734,24
4284000,3541,352,689,23
4287600,3627,352,604,22
4291200,3789,352,447,17
4294800,4131,352,120,2
4298400,4253,352,0,0
4302000,4253,352,0,0
4305600,4253,352,0,0
4309200,4253,352,0,0
4312800,4149,456,0,0
4316400,4149,456,0,0
4320000,4149,456,0,0
4323600,4149,456,0,0
4327200,4149,456,0,0
4330800,4149,456,0,0
4334400,4149,456,0,0
4338000,4031,456,113,5
4341600,3946,424,225,10
4345200,3783,424,380,18
4348800,3629,424,528,24
4352400,3501,424,651,29
4356000,3453,424,697,31
4359600,3437,424,713,31
4363200,3436,424,714,31
4366800,3433,424,717,31
4370400,3570,333,671,31
4374000,3656,333,590,26
4377600,3818,333,437,17
4381200,4160,333,112,0
4384800,4272,333,0,0
4388400,4272,333,0,0
4392000,4272,333,0,0
4395600,4272,333,0,0
4399200,4182,423,0,0
4402800,4182,423,0,0
4406400,4182,423,0,0
4410000,4182,423,0,0
4413600,4182,423,0,0
4417200,4182,423,0,0
4420800,4182,423,0,0
4424400,4057,423,117,8
4428000,3993,398,206,8
4431600,3824,398,368,15
4435200,3665,398,522,20
4438800,3566,398,616,25
4442400,3518,398,662,27
4446000,3504,398,675,28
4449600,3503,398,675,29
4453200,3500,398,678,29
4456800,3629,315,634,27
4460400,3715,315,550,25
4464000,3877,315,395,18
4467600,4219,315,66,5
4471200,4290,315,0,0
4474800,4290,315,0,0
4478400,4290,315,0,0
4482000,4290,315,0,0
4485600,4173,432,0,0
4489200,4173,432,0,0
4492800,4173,432,0,0
4496400,4173,432,0,0
4500000,4173,432,0,0
4503600,4173,432,0,0
4507200,4173,432,0,0
4510800,4054,432,117,2
4514400,3983,387,230,5
4518000,3811,387,395,12
4521600,3671,387,533,14
4525200,3555,387,644,19
4528800,3512,387,685,21
4532400,3496,387,700,22
4536000,3494,387,702,22
4539600,3492,387,704,22
4543200,3584,341,661,19
4546800,3670,341,578,16
4550400,3832,341,423,9
4554000,4174,341,88,2
4557600,4264,341,0,0
4561200,4264,341,0,0
4564800,4264,341,0,0
4568400,4264,341,0,0
4572000,4173,432,0,0
4575600,4173,432,0,0
4579200,4172,432,0,0
4582800,4172,432,0,0
4586400,4172,432,0,0
4590000,4172,432,0,0
4593600,4172,432,0,0
4597200,4051,432,118,3
4600800,3980,400,214,10
4604400,3809,400,384,11
4608000,3654,400,532,18
4611600,3541,400,642,21
4615200,3500,400,681,23
4618800,3491,400,690,23
4622400,3490,400,691,23
4626000,3488,400,693,23
4629600,3626,308,649,21
4633200,3712,308,570,14
4636800,3874,308,412,10
4640400,4216,308,80,0
4644000,4296,308,0,0
4647600,4296,308,0,0
4651200,4296,308,0,0
4654800,4296,308,0,0
4658400,4207,397,0,0
4662000,4207,397,0,0
4665600,4207,397,0,0
4669200,4207,397,0,0
4672800,4207,397,0,0
4676400,4207,397,0,0
4680000,4207,397,0,0
4683600,4083,397,119,5
4687200,3993,384,218,9
4690800,3847,384,363,10
4694400,3711,384,492,17
4698000,3610,384,588,22
4701600,3571,384,624,25
4705200,3559,384,636,25
4708800,3558,384,637,25
4712400,3554,384,641,25
4716000,3669,315,598,22
4719600,3755,315,515,19
4723200,3917,315,356,16
4726800,4259,315,30,0
4730400,4289,315,0,0
4734000,4289,315,0,0
4737600,4289,315,0,0
4741200,4289,315,0,0
4744800,4202,402,0,0
4748400,4202,402,0,0
4752000,4202,402,0,0
4755600,4202,402,0,0
4759200,4202,402,0,0
4762800,4202,402,0,0
4766400,4202,402,0,0
4770000,4100,402,97,5
4773600,4047,362,187,8
4777200,3893,362,335,14
4780800,3757,362,465,20
4784400,3645,362,574,23
4788000,3599,362,619,24
4791600,3584,362,634,24
4795200,3583,362,635,24
4798800,3581,362,637,24
4802400,3690,299,592,23
4806000,3776,299,510,19
4809600,3938,299,351,16
4813200,4280,299,24,1
4816800,4305,299,0,0
4820400,4305,299,0,0
4824000,4305,299,0,0
4827600,4305,299,0,0
4831200,4202,402,0,0
4834800,4202,402,0,0
4838400,4201,402,0,0
4842000,4201,402,0,0
4845600,4201,402,0,0
4849200,4201,402,0,0
4852800,4201,402,0,0
4856400,4084,402,111,6
4860000,4025,371,199,8
4863600,3886,371,334,12
4867200,3758,371,457,17
4870800,3651,371,562,19
4874400,3601,371,607,24
4878000,3593,371,615,24
4881600,3592,371,616,24
4885200,3590,371,618,24
4888800,3675,332,576,20
4892400,3761,332,493,17
4896000,3923,332,338,10
4899600,4265,332,6,0
4903200,4271,332,0,0
4906800,4271,332,0,0
4910400,4271,332,0,0
4914000,4271,332,0,0
4917600,4235,368,0,0
4921200,4235,368,0,0
4924800,4235,368,0,0
4928400,4235,368,0,0
4932000,4235,368,0,0
4935600,4235,368,0,0
4939200,4235,368,0,0
4942800,4102,368,128,5
4946400,4031,347,217,8
4950000,3860,347,383,13
4953600,3732,347,508,16
4957200,3630,347,608,18
4960800,3594,347,643,19
4964400,3580,347,657,19
4968000,3579,347,658,19
4971600,3578,347,659,19
4975200,3699,272,614,18
4978800,3785,272,530,16
4982400,3947,272,371,13
4986000,4289,272,42,0
4989600,4331,272,0,0
4993200,4331,272,0,0
4996800,4331,272,0,0
5000400,4331,272,0,0
5004000,4232,371,0,0
5007600,4232,371,0,0
5011200,4232,371,0,0
5014800,4232,371,0,0
5018400,4232,371,0,0
5022000,4232,371,0,0
5025600,4232,371,0,0
5029200,4113,371,114,5
5032800,4056,334,204,9
5036400,3898,334,354,17
5040000,3760,334,490,19
5043600,3657,334,592,20
5047200,3624,334,624,21
5050800,3609,334,639,21
5054400,3609,334,639,21
5058000,3607,334,641,21
5061600,3685,302,597,19
5065200,3771,302,515,15
5068800,3933,302,357,11
5072400,4275,302,26,0
5076000,4301,302,0,0
5079600,4301,302,0,0
5083200,4301,302,0,0
5086800,4301,302,0,0
5090400,4212,391,0,0
5094000,4212,391,0,0
5097600,4212,391,0,0
5101200,4212,391,0,0
5104800,4212,391,0,0
5108400,4212,391,0,0
5112000,4212,391,0,0
5115600,4101,391,108,3
5119200,4044,368,181,10
5122800,3902,368,318,15
5126400,3781,368,438,16
5130000,3681,368,535,19
5133600,3641,368,573,21
5137200,3628,368,586,21
5140800,3625,368,589,21
5144400,3619,368,595,21
5148000,3730,303,551,19
5151600,3816,303,469,15
5155200,3978,303,311,11
5158800,4300,303,0,0
5162400,4300,303,0,0
5166000,4300,303,0,0
5169600,4300,303,0,0
5173200,4300,303,0,0
5176800,4226,377,0,0
5180400,4226,377,0,0
5184000,4226,377,0,0
5187600,4226,377,0,0
5191200,4226,377,0,0
5194800,4226,377,0,0
5198400,4226,377,0,0
5202000,4125,377,99,2
5205600,4076,344,179,4
5209200,3932,344,321,6
5212800,3801,344,449,9
5216400,3695,344,548,16
5220000,3648,344,593,18
5223600,3637,344,604,18
5227200,3636,344,605,18
5230800,3636,344,605,18
5234400,3716,310,561,16
5238000,3802,310,476,15
5241600,3964,310,320,9
5245200,4293,310,0,0
5248800,4293,310,0,0
5252400,4293,310,0,0
5256000,4293,310,0,0
5259600,4293,310,0,0
5263200,4231,372,0,0
5266800,4231,372,0,0
5270400,4231,372,0,0
5274000,4231,372,0,0
5277600,4231,372,0,0
5281200,4231,372,0,0
5284800,4231,372,0,0
5288400,4123,372,106,2
5292000,4072,342,184,5
5295600,3953,342,298,10
5299200,3815,342,430,16
5302800,3726,342,518,17
5306400,3687,342,555,19
5310000,3676,342,566,19
5313600,3676,342,566,19
5317200,3672,342,570,19
5320800,3770,290,524,19
5324400,3856,290,439,18
5328000,4018,290,284,11
5331600,4313,290,0,0
5335200,4313,290,0,0
5338800,4313,290,0,0
5342400,4313,290,0,0
5346000,4313,290,0,0
5349600,4236,367,0,0
5353200,4236,367,0,0
5356800,4236,367,0,0
5360400,4236,367,0,0
5364000,4236,367,0,0
5367600,4236,367,0,0
5371200,4236,367,0,0
5374800,4131,367,101,4
5378400,4068,333,194,8
5382000,3931,333,324,15
5385600,3798,333,451,21
5389200,3710,333,531,29
5392800,3672,333,567,31
5396400,3663,333,576,31
5400000,3663,333,576,31
5403600,3660,333,577,33
5407200,3743,296,533,31
5410800,3829,296,449,29
5414400,3991,296,299,17
5418000,4307,296,0,0
5421600,4307,296,0,0
5425200,4307,296,0,0
5428800,4307,296,0,0
5432400,4307,296,0,0
5436000,4271,332,0,0
5439600,4271,332,0,0
5443200,4271,332,0,0
5446800,4271,332,0,0
5450400,4271,332,0,0
5454000,4271,332,0,0
5457600,4271,332,0,0
5461200,4160,332,108,3
5464800,4072,333,193,5
5468400,3934,333,327,9
5472000,3811,333,444,15
5475600,3717,333,535,18
5479200,3681,333,570,19
5482800,3668,333,581,21
5486400,3667,333,582,21
5490000,3663,333,586,21
5493600,3756,286,542,19
5497200,3842,286,459,16
5500800,4004,286,301,12
5504400,4317,286,0,0
5508000,4317,286,0,0
5511600,4317,286,0,0
5515200,4317,286,0,0
5518800,4317,286,0,0
5522400,4245,358,0,0
5526000,4245,358,0,0
5529600,4245,358,0,0
5533200,4245,358,0,0
5536800,4245,358,0,0
5540400,4245,358,0,0
5544000,4245,358,0,0
5547600,4141,358,101,3
5551200,4081,325,188,9
5554800,3953,325,312,13
5558400,3847,325,415,16
5562000,3751,325,505,22
5565600,3716,325,536,26
5569200,3703,325,549,26
5572800,3703,325,549,26
5576400,3700,325,552,26
5580000,3801,270,510,22
5583600,3887,270,429,17
5587200,4049,270,271,13
5590800,4333,270,0,0
5594400,4333,270,0,0
5598000,4333,270,0,0
5601600,4333,270,0,0
5605200,4333,270,0,0
5608800,4249,354,0,0
5612400,4249,354,0,0
5616000,4249,354,0,0
5619600,4249,354,0,0
5623200,4249,354,0,0
5626800,4249,354,0,0
5630400,4249,354,0,0
5634000,4139,354,106,4
5637600,4097,317,182,7
5641200,3964,317,307,15
5644800,3824,317,440,22
5648400,3736,317,525,25
5652000,3703,317,556,27
5655600,3695,317,563,28
5659200,3694,317,564,28
5662800,3693,317,565,28
5666400,3804,252,520,27
5670000,3890,252,438,23
5673600,4052,252,282,17
5677200,4351,252,0,0
5680800,4351,252,0,0
5684400,4351,252,0,0
5688000,4351,252,0,0
5691600,4351,252,0,0
5695200,4231,372,0,0
5698800,4231,372,0,0
5702400,4231,372,0,0
5706000,4231,372,0,0
5709600,4231,372,0,0
5713200,4231,372,0,0
5716800,4231,372,0,0
5720400,4125,372,101,5
5724000,4106,311,181,5
5727600,3981,311,299,12
5731200,3862,311,413,17
5734800,3777,311,494,21
5738400,3742,311,528,22
5742000,3726,311,542,24
5745600,3725,311,543,24
5749200,3723,311,545,24
5752800,3817,263,502,21
5756400,3903,263,421,16
5760000,4065,263,262,13
5763600,4340,263,0,0
5767200,4340,263,0,0
5770800,4340,263,0,0
5774400,4340,263,0,0
5778000,4340,263,0,0
5781600,4254,349,0,0
5785200,4254,349,0,0
5788800,4254,349,0,0
5792400,4254,349,0,0
5796000,4254,349,0,0
5799600,4254,349,0,0
5803200,4254,349,0,0
5806800,4169,349,81,4
5810400,4109,319,167,8
5814000,3955,319,316,13
5817600,3829,319,434,21
5821200,3741,319,518,25
5824800,3713,319,544,27
5828400,3700,319,557,27
5832000,3699,319,558,27
5835600,3697,319,560,27
5839200,3798,264,519,22
5842800,3884,264,434,21
5846400,4046,264,283,10
5850000,4339,264,0,0
5853600,4339,264,0,0
5857200,4339,264,0,0
5860800,4339,264,0,0
5864400,4339,264,0,0
5868000,4234,369,0,0
5871600,4234,369,0,0
5875200,4234,369,0,0
5878800,4234,369,0,0
5882400,4234,369,0,0
5886000,4234,369,0,0
5889600,4234,369,0,0
5893200,4138,369,95,1
5896800,4102,323,172,6
5900400,3955,323,309,16
5904000,3845,323,413,22
5907600,3763,323,494,23
5911200,3732,323,524,24
5914800,3727,323,529,24
5918400,3725,323,531,24
5922000,3721,323,535,24
5925600,3831,259,491,22
5929200,3917,259,411,16
5932800,4079,259,254,11
5936400,4344,259,0,0
5940000,4344,259,0,0
5943600,4344,259,0,0
5947200,4344,259,0,0
5950800,4344,259,0,0
5954400,4280,323,0,0
5958000,4280,323,0,0
5961600,4280,323,0,0
5965200,4280,323,0,0
5968800,4280,323,0,0
5972400,4280,323,0,0
5976000,4280,323,0,0
5979600,4189,323,88,3
5983200,4126,289,180,8
5986800,4003,289,300,11
5990400,3895,289,402,17
5994000,3806,289,486,22
5997600,3775,289,514,25
6001200,3762,289,527,25
6004800,3761,289,528,25
6008400,3760,289,529,25
6012000,3849,246,485,23
6015600,3935,246,401,21
6019200,4097,246,250,10
6022800,4357,246,0,0
6026400,4357,246,0,0
6030000,4357,246,0,0
6033600,4357,246,0,0
6037200,4357,246,0,0
6040800,4288,315,0,0
6044400,4288,315,0,0
6048000,4288,315,0,0
6051600,4288,315,0,0
6055200,4288,315,0,0
6058800,4288,315,0,0
6062400,4288,315,0,0
6066000,4194,315,90,4
6069600,4135,293,169,6
6073200,4016,293,285,9
6076800,3920,293,375,15
6080400,3836,293,457,17
6084000,3801,293,492,17
6087600,3791,293,502,17
6091200,3791,293,502,17
6094800,3790,293,503,17
6098400,3854,275,460,14
6102000,3940,275,374,14
6105600,4102,275,222,4
6109200,4328,275,0,0
6112800,4328,275,0,0
6116400,4328,275,0,0
6120000,4328,275,0,0
6123600,4328,275,0,0
6127200,4274,329,0,0
6130800,4274,329,0,0
6134400,4274,329,0,0
6138000,4274,329,0,0
6141600,4274,329,0,0
6145200,4274,329,0,0
6148800,4274,329,0,0
6152400,4176,329,98,0
6156000,4137,299,163,4
6159600,4015,299,279,10
6163200,3914,299,375,15
6166800,3823,299,462,19
6170400,3786,299,498,20
6174000,3772,299,511,21
6177600,3771,299,512,21
6181200,3768,299,515,21
6184800,3861,252,471,19
6188400,3947,252,389,15
6192000,4109,252,234,8
6195600,4351,252,0,0
6199200,4351,252,0,0
6202800,4351,252,0,0
6206400,4351,252,0,0
6210000,4351,252,0,0
6213600,4276,327,0,0
6217200,4276,327,0,0
6220800,4275,327,0,0
6224400,4275,327,0,0
6228000,4275,327,0,0
6231600,4275,327,0,0
6235200,4275,327,0,0
6238800,4181,327,92,2
6242400,4108,322,164,8
6246000,3972,322,296,12
6249600,3862,322,395,23
6253200,3775,322,480,25
6256800,3739,322,515,26
6260400,3731,322,523,26
6264000,3731,322,523,26
6267600,3731,322,523,26
6271200,3853,246,479,24
6274800,3939,246,399,18
6278400,4101,246,243,12
6282000,4356,246,0,0
6285600,4356,246,0,0
6289200,4356,246,0,0
6292800,4356,246,0,0
6296400,4356,246,0,0
6300000,4276,326,0,0
6303600,4276,326,0,0
6307200,4276,326,0,0
6310800,4276,326,0,0
6314400,4276,326,0,0
6318000,4276,326,0,0
6321600,4276,326,0,0
6325200,4182,326,91,3
6328800,4167,268,159,8
6332400,4041,268,283,10
6336000,3917,268,398,19
6339600,3821,268,490,23
6343200,3798,268,513,23
6346800,3786,268,525,23
6350400,3786,268,525,23
6354000,3785,268,526,23
6357600,3861,238,481,22
6361200,3947,238,401,16
6364800,4109,238,246,9
6368400,4364,238,0,0
6372000,4364,238,0,0
6375600,4364,238,0,0
6379200,4364,238,0,0
6382800,4364,238,0,0
6386400,4270,332,0,0
6390000,4270,332,0,0
6393600,4270,332,0,0
6397200,4270,332,0,0
6400800,4270,332,0,0
6404400,4270,332,0,0
6408000,4270,332,0,0
6411600,4179,332,88,3
6415200,4149,282,165,6
6418800,4024,282,283,13
6422400,3893,282,409,18
6426000,3810,282,490,20
6429600,3775,282,524,21
6433200,3759,282,540,21
6436800,3758,282,541,21
6440400,3756,282,543,21
6444000,3840,244,498,20
6447600,3926,244,416,16
6451200,4088,244,263,7
6454800,4358,244,0,0
6458400,4358,244,0,0
6462000,4358,244,0,0
6465600,4358,244,0,0
6469200,4358,244,0,0
6472800,4280,322,0,0
6476400,4280,322,0,0
6480000,4280,322,0,0
6483600,4280,322,0,0
6487200,4280,322,0,0
6490800,4280,322,0,0
6494400,4280,322,0,0
6498000,4181,322,93,6
6501600,4156,274,164,8
6505200,4023,274,293,12
6508800,3904,274,409,15
6512400,3819,274,492,17
6516000,3794,274,516,18
6519600,3780,274,529,19
6523200,3779,274,530,19
6526800,3778,274,531,19
6530400,3845,253,487,17
6534000,3931,253,404,14
6537600,4093,253,249,7
6541200,4349,253,0,0
6544800,4349,253,0,0
6548400,4349,253,0,0
6552000,4349,253,0,0
6555600,4349,253,0,0
6559200,4294,308,0,0
6562800,4294,308,0,0
6566400,4294,308,0,0
6570000,4294,308,0,0
6573600,4294,308,0,0
6577200,4294,308,0,0
6580800,4294,308,0,0
6584400,4197,308,95,2
6588000,4151,286,161,4
6591600,4021,286,286,9
6595200,3901,286,399,16
6598800,3817,286,479,20
6602400,3784,286,510,22
6606000,3771,286,523,22
6609600,3770,286,524,22
6613200,3769,286,525,22
6616800,3881,220,480,21
6620400,3967,220,402,13
6624000,4129,220,246,7
6627600,4382,220,0,0
6631200,4382,220,0,0
6634800,4382,220,0,0
6638400,4382,220,0,0
6642000,4382,220,0,0
6645600,4299,303,0,0
6649200,4299,303,0,0
6652800,4299,303,0,0
6656400,4299,303,0,0
6660000,4299,303,0,0
6663600,4299,303,0,0
6667200,4299,303,0,0
6670800,4216,303,77,6
6674400,4153,277,158,14
6678000,4024,277,285,16
6681600,3925,277,381,19
6685200,3833,277,467,25
6688800,3807,277,492,26
6692400,3792,277,507,26
6696000,3792,277,507,26
6699600,3790,277,509,26
6703200,3888,225,465,24
6706800,3974,225,384,19
6710400,4136,225,230,11
6714000,4377,225,0,0
6717600,4377,225,0,0
6721200,4377,225,0,0
6724800,4377,225,0,0
6728400,4377,225,0,0
6732000,4327,275,0,0
6735600,4327,275,0,0
6739200,4327,275,0,0
6742800,4327,275,0,0
6746400,4327,275,0,0
6750000,4327,275,0,0
6753600,4327,275,0,0
6757200,4230,275,94,3
6760800,4158,270,169,5
6764400,4031,270,290,11
6768000,3922,270,391,19
6771600,3840,270,465,27
6775200,3814,270,490,28
6778800,3806,270,498,28
6782400,3805,270,499,28
6786000,3805,270,499,28
6789600,3895,226,456,25
6793200,3981,226,374,21
6796800,4143,226,219,14
6800400,4376,226,0,0
6804000,4376,226,0,0
6807600,4376,226,0,0
6811200,4376,226,0,0
6814800,4376,226,0,0
6818400,4298,304,0,0
6822000,4298,304,0,0
6825600,4298,304,0,0
6829200,4298,304,0,0
6832800,4298,304,0,0
6836400,4298,304,0,0
6840000,4298,304,0,0
6843600,4194,304,101,3
6847200,4166,262,170,4
6850800,4033,262,296,11
6854400,3922,262,402,16
6858000,3830,262,488,22
6861600,3797,262,520,23
6865200,3787,262,530,23
6868800,3786,262,531,23
6872400,3783,262,534,23
6876000,3854,237,490,21
6879600,3940,237,406,19
6883200,4102,237,249,14
6886800,4365,237,0,0
6890400,4365,237,0,0
6894000,4365,237,0,0
6897600,4365,237,0,0
6901200,4365,237,0,0
6904800,4292,310,0,0
6908400,4292,310,0,0
6912000,4292,310,0,0
6915600,4292,310,0,0
6919200,4292,310,0,0
6922800,4292,310,0,0
6926400,4292,310,0,0
6930000,4204,310,82,6
6933600,4140,296,157,9
6937200,3999,296,290,17
6940800,3906,296,383,17
6944400,3808,296,479,19
6948000,3776,296,509,21
6951600,3769,296,514,23
6955200,3769,296,514,23
6958800,3767,296,516,23
6962400,3873,236,473,20
6966000,3959,236,392,15
6969600,4121,236,235,10
6973200,4366,236,0,0
6976800,4366,236,0,0
6980400,4366,236,0,0
6984000,4366,236,0,0
6987600,4366,236,0,0
6991200,4293,309,0,0
6994800,4293,309,0,0
6998400,4293,309,0,0
7002000,4293,309,0,0
7005600,4293,309,0,0
7009200,4293,309,0,0
7012800,4293,309,0,0
7016400,4205,309,84,4
7020000,4164,271,159,8
7023600,4043,271,273,15
7027200,3941,271,373,17
7030800,3834,271,479,18
7034400,3814,271,498,19
7038000,3799,271,511,21
7041600,3798,271,512,21
7045200,3797,271,512,22
7048800,3867,247,468,20
7052400,3953,247,384,18
7056000,4115,247,230,10
7059600,4355,247,0,0
7063200,4355,247,0,0
7066800,4355,247,0,0
7070400,4355,247,0,0
7074000,4355,247,0,0
7077600,4301,301,0,0
7081200,4301,301,0,0
7084800,4301,301,0,0
7088400,4301,301,0,0
7092000,4301,301,0,0
7095600,4301,301,0,0
7099200,4301,301,0,0
7102800,4208,301,92,1
7106400,4157,268,173,4
7110000,4042,268,283,9
7113600,3937,268,383,14
7117200,3857,268,460,17
7120800,3825,268,492,17
7124400,3812,268,505,17
7128000,3811,268,506,17
7131600,3811,268,506,17
7135200,3899,226,460,17
7138800,3985,226,375,16
7142400,4147,226,220,9
7146000,4376,226,0,0
7149600,4376,226,0,0
7153200,4376,226,0,0
7156800,4376,226,0,0
7160400,4376,226,0,0
7164000,4293,309,0,0
7167600,4293,309,0,0
7171200,4293,309,0,0
7174800,4293,309,0,0
7178400,4293,309,0,0
7182000,4293,309,0,0
7185600,4293,309,0,0
7189200,4189,309,101,3
7192800,4133,283,181,5
7196400,4005,283,301,13
7200000,3913,283,386,20
7203600,3829,283,469,21
7207200,3804,283,493,22
7210800,3792,283,505,22
7214400,3790,283,507,22
7218000,3786,283,511,22
7221600,3869,246,469,18
7225200,3955,246,386,15
7228800,4117,246,231,8
7232400,4356,246,0,0
7236000,4356,246,0,0
7239600,4356,246,0,0
7243200,4356,246,0,0
7246800,4356,246,0,0
7250400,4309,293,0,0
7254000,4309,293,0,0
7257600,4309,293,0,0
7261200,4309,293,0,0
7264800,4309,293,0,0
7268400,4309,293,0,0
7272000,4309,293,0,0
7275600,4220,293,85,4
7279200,4165,266,163,8
7282800,4065,266,262,9
7286400,3953,266,371,12
7290000,3875,266,446,15
7293600,3847,266,474,15
7297200,3838,266,482,16
7300800,3837,266,483,16
7304400,3832,266,488,16
7308000,3907,237,444,14
7311600,3993,237,360,12
7315200,4155,237,202,8
7318800,4365,237,0,0
7322400,4365,237,0,0
7326000,4365,237,0,0
7329600,4365,237,0,0
7333200,4365,237,0,0
7336800,4301,301,0,0
7340400,4301,301,0,0
7344000,4301,301,0,0
7347600,4301,301,0,0
7351200,4301,301,0,0
7354800,4301,301,0,0
7358400,4301,301,0,0
7362000,4212,301,83,6
7365600,4183,261,150,8
7369200,4053,261,273,15
7372800,3947,261,376,18
7376400,3866,261,451,24
7380000,3841,261,476,24
7383600,3825,261,489,27
7387200,3825,261,489,27
7390800,3820,261,494,27
7394400,3906,221,448,27
7398000,3992,221,365,24
7401600,4154,221,215,12
7405200,4381,221,0,0
7408800,4381,221,0,0
7412400,4381,221,0,0
7416000,4381,221,0,0
7419600,4381,221,0,0
7423200,4288,314,0,0
7426800,4288,314,0,0
7430400,4287,314,0,0
7434000,4287,314,0,0
7437600,4287,314,0,0
7441200,4287,314,0,0
7444800,4287,314,0,0
7448400,4184,314,99,4
7452000,4140,280,175,6
7455600,4025,280,283,13
7459200,3932,280,373,16
7462800,3850,280,448,23
7466400,3822,280,476,23
7470000,3815,280,482,24
7473600,3814,280,483,24
7477200,3810,280,487,24
7480800,3901,235,444,21
7484400,3987,235,360,19
7488000,4149,235,207,10
7491600,4366,235,0,0
7495200,4366,235,0,0
7498800,4366,235,0,0
7502400,4366,235,0,0
7506000,4366,235,0,0
7509600,4308,293,0,0
7513200,4308,293,0,0
7516800,4308,293,0,0
7520400,4308,293,0,0
7524000,4308,293,0,0
7527600,4308,293,0,0
7531200,4308,293,0,0
7534800,4223,293,83,2
7538400,4165,268,161,7
7542000,4052,268,270,11
7545600,3934,268,384,15
7549200,3853,268,463,17
7552800,3820,268,495,18
7556400,3812,268,503,18
7560000,3811,268,504,18
7563600,3808,268,507,18
7567200,3901,221,462,17
7570800,3987,221,377,16
7574400,4149,221,221,10
7578000,4380,221,0,0
7581600,4380,221,0,0
7585200,4380,221,0,0
7588800,4380,221,0,0
7592400,4380,221,0,0
7596000,4320,281,0,0
7599600,4320,281,0,0
7603200,4320,281,0,0
7606800,4320,281,0,0
7610400,4320,281,0,0
7614000,4320,281,0,0
7617600,4320,281,0,0
7621200,4243,281,74,3
7624800,4180,275,141,5
7628400,4073,275,242,11
7632000,3974,275,335,17
7635600,3885,275,422,19
7639200,3860,275,446,20
7642800,3847,275,457,22
7646400,3846,275,458,22
7650000,3844,275,460,22
7653600,3916,249,416,20
7657200,4002,249,331,19
7660800,4164,249,179,9
7664400,4352,249,0,0
7668000,4352,249,0,0
7671600,4352,249,0,0
7675200,4352,249,0,0
7678800,4352,249,0,0
7682400,4316,285,0,0
7686000,4316,285,0,0
7689600,4316,285,0,0
7693200,4316,285,0,0
7696800,4316,285,0,0
7700400,4316,285,0,0
7704000,4316,285,0,0
7707600,4238,285,77,1
7711200,4169,282,149,1
7714800,4052,282,262,5
7718400,3942,282,365,12
7722000,3869,282,436,14
7725600,3824,282,481,14
7729200,3816,282,489,14
7732800,3816,282,489,14
7736400,3814,282,491,14
7740000,3905,237,447,12
7743600,3991,237,365,8
7747200,4153,237,204,7
7750800,4364,237,0,0
7754400,4364,237,0,0
7758000,4364,237,0,0
7761600,4364,237,0,0
7765200,4364,237,0,0
7768800,4314,287,0,0
7772400,4314,287,0,0
