<?xml version="1.0" encoding="UTF-8"?>
<metadata xml:lang="en"><Esri><CreaDate>20240206</CreaDate><CreaTime>20312600</CreaTime><ArcGISFormat>1.0</ArcGISFormat><SyncOnce>TRUE</SyncOnce><DataProperties><lineage><Process ToolSource="c:\arcgis\server\framework\runtime\arcgis\Resources\ArcToolbox\toolboxes\Data Management Tools.tbx\CopyFeatures" Date="20240206" Time="203126">CopyFeatures layer0 c:\arcgisserver\server-dirs\arcgisjobs\tasks_gpserver\ja154d8ecf04d490ca427e6db7090dcac\scratch\output\tl_2023_37_bg.shp # # # #</Process></lineage></DataProperties></Esri></metadata>
